,station,lat,long,country_code,population,country_territory,region,sub_region,lines,line_num,transfer,type,next_local_stations,next_express_stations
0,Abidjan,5.32,-4.04,CIV,3802000.0,Côte d'Ivoire,Africa,Sub-Saharan Africa,BRONZE,1,False,EXPRESS,"Monrovia_BRONZE,Accra_BRONZE","Dakar_BRONZE,Accra_BRONZE"
1,Abu Dhabi,24.4667,54.3666,ARE,603492.0,United Arab Emirates,Asia,Western Asia,"SILVER,LILAC",2,True,EXPRESS,"Riyadh_SILVER,Dubai_SILVER,Dubai_LILAC,Riyadh_LILAC","Riyadh_SILVER,Dubai_SILVER,Dubai_LILAC,Riyadh_LILAC"
2,Abuja,9.0833,7.5333,NGA,1576000.0,Nigeria,Africa,Sub-Saharan Africa,RED,1,False,LOCAL,"Lagos_RED,Kano_RED",
3,Accra,5.55,-0.2167,GHA,2121000.0,Ghana,Africa,Sub-Saharan Africa,"BRONZE,NAVY",2,True,EXPRESS,"Abidjan_BRONZE,Lome_BRONZE,Ouagadougou_NAVY,Lagos_NAVY","Abidjan_BRONZE,Lagos_BRONZE,Ouagadougou_NAVY,Lagos_NAVY"
4,Addis Ababa,9.0333,38.7,ETH,3100000.0,Ethiopia,Africa,Sub-Saharan Africa,"LIGHTGREEN,BLUE",2,True,EXPRESS,"Mogadishu_LIGHTGREEN,Asmara_LIGHTGREEN,Nairobi_BLUE,Djibouti_BLUE","Mogadishu_LIGHTGREEN,Khartoum_LIGHTGREEN,Nairobi_BLUE,Sanaa_BLUE"
5,Ahmadabad,23.0301,72.58,IND,5375000.0,India,Asia,Southern Asia,"SILVER,LILAC",2,True,EXPRESS,"Surat_SILVER,Mumbai_SILVER,Surat_LILAC,Karachi_LILAC","Surat_SILVER,Mumbai_SILVER,Surat_LILAC,Karachi_LILAC"
6,Alexandria,31.2,29.95,EGY,4165000.0,Egypt,Africa,Northern Africa,SILVER,1,False,EXPRESS,"Tripoli_SILVER,Cairo_SILVER","Tripoli_SILVER,Cairo_SILVER"
7,Algiers,36.7631,3.0506,DZA,3354000.0,Algeria,Africa,Northern Africa,SILVER,1,False,EXPRESS,"Casablanca_SILVER,Tunis_SILVER","Casablanca_SILVER,Tunis_SILVER"
8,Almaty,43.325,76.915,KAZ,1209000.0,Kazakhstan,Asia,Central Asia,AQUA,1,False,LOCAL,"Bishkek_AQUA,Urumqi_AQUA",
9,Amman,31.95,35.9333,JOR,1060000.0,Jordan,Asia,Western Asia,"SILVER,BRONZE",2,True,EXPRESS,"Beirut_BRONZE,Doha_BRONZE,Jerusalem_SILVER,Riyadh_SILVER","Beirut_BRONZE,Doha_BRONZE,Jerusalem_SILVER,Riyadh_SILVER"
10,Amsterdam,52.35,4.9166,NLD,1031000.0,Netherlands,Europe,Western Europe,"RED,DARKGREEN",2,True,EXPRESS,"Brussels_RED,Copenhagen_RED,London_DARKGREEN,Berlin_DARKGREEN","Brussels_RED,Copenhagen_RED,London_DARKGREEN,Berlin_DARKGREEN"
11,Anchorage,61.1508,-149.1091,USA,253421.0,United States of America,Americas,Northern America,ORANGE,1,False,LOCAL,"Vancouver_ORANGE,Khabarovsk_ORANGE",
12,Ankara,39.9272,32.8644,TUR,3716000.0,Turkey,Asia,Western Asia,"BRONZE,AQUA",2,True,EXPRESS,"Istanbul_BRONZE,Beirut_BRONZE,Istanbul_AQUA,Yerevan_AQUA","Istanbul_BRONZE,Beirut_BRONZE,Istanbul_AQUA,Baku_AQUA"
13,Antananarivo,-18.9166,47.5166,MDG,1697000.0,Madagascar,Africa,Sub-Saharan Africa,BLUE,1,False,LOCAL,"Moroni_BLUE,Saint-Denis_BLUE",
14,Ashgabat,37.95,58.3833,TKM,727700.0,Turkmenistan,Asia,Central Asia,AQUA,1,False,LOCAL,"Tehran_AQUA,Dushanbe_AQUA",
15,Asmara,15.3333,38.9333,ERI,620802.0,Eritrea,Africa,Sub-Saharan Africa,LIGHTGREEN,1,False,LOCAL,"Addis Ababa_LIGHTGREEN,Khartoum_LIGHTGREEN",
16,Asuncion,-25.2964,-57.6415,PRY,1870000.0,Paraguay,Americas,Latin America and the Caribbean,RED,1,False,LOCAL,"Santa Cruz de la Sierra_RED,Sao Paulo_RED",
17,Athens,37.9833,23.7333,GRC,3242000.0,Greece,Europe,Southern Europe,"LILAC,DARKGREEN",2,True,EXPRESS,"Cairo_LILAC,Istanbul_LILAC,Rome_LILAC,Rome_DARKGREEN,Cairo_DARKGREEN","Cairo_LILAC,Istanbul_LILAC,Rome_LILAC,Rome_DARKGREEN,Cairo_DARKGREEN"
18,Atlanta,33.7627,-84.4225,USA,5228750.0,United States of America,Americas,Northern America,"BRONZE,PURPLE",2,True,EXPRESS,"New York City_PURPLE,Houston_PURPLE,Miami_BRONZE,Washington D.C._BRONZE","New York City_PURPLE,Houston_PURPLE,Miami_BRONZE,Washington D.C._BRONZE"
19,Auckland,-36.8481,174.763,NZL,1377200.0,New Zealand,Oceania,Australia and New Zealand,AQUA,1,False,LOCAL,"Sydney_AQUA,Christchurch_AQUA",
20,Baghdad,33.3386,44.3939,IRQ,5054000.0,Iraq,Asia,Western Asia,LIGHTGREEN,1,False,EXPRESS,"Damascus_LIGHTGREEN,Tehran_LIGHTGREEN","Damascus_LIGHTGREEN,Tehran_LIGHTGREEN"
21,Baku,40.3953,49.8622,AZE,2122300.0,Azerbaijan,Asia,Western Asia,AQUA,1,False,EXPRESS,"Tbilisi_AQUA,Tehran_AQUA","Ankara_AQUA,Tehran_AQUA"
22,Bali,-8.65,115.22,IDN,732344.0,Indonesia,Asia,South-eastern Asia,"AQUA,LIGHTGREEN",2,True,EXPRESS,"Surabaya_AQUA,Perth_AQUA,Jakarta_LIGHTGREEN,Dili_LIGHTGREEN","Surabaya_AQUA,Melbourne_AQUA,Jakarta_LIGHTGREEN,Dili_LIGHTGREEN"
23,Bamako,12.65,-8.0,MLI,1494000.0,Mali,Africa,Sub-Saharan Africa,"BRONZE,NAVY",2,True,EXPRESS,"Nouakchott_BRONZE,Ouagadougou_BRONZE,Dakar_NAVY,Ouagadougou_NAVY","Casablanca_BRONZE,Ouagadougou_BRONZE,Dakar_NAVY,Ouagadougou_NAVY"
24,Bandar Seri Begawan,4.8833,114.9333,BRN,296500.0,Brunei Darussalam,Asia,South-eastern Asia,SILVER,1,False,LOCAL,"Singapore_SILVER,Manila_SILVER",
25,Bangalore,12.97,77.56,IND,6787000.0,India,Asia,Southern Asia,"SILVER,BLUE",2,True,EXPRESS,"Pune_SILVER,Colombo_SILVER,Hyderabad_BLUE,Chennai_BLUE","Pune_SILVER,Medan_SILVER,Hyderabad_BLUE,Chennai_BLUE"
26,Bangkok,13.75,100.5166,THA,6704000.0,Thailand,Asia,South-eastern Asia,"LILAC,DARKGREEN,AQUA,LIGHTGREEN",4,True,EXPRESS,"Vientiane_AQUA,Phuket_AQUA,Yangon_LIGHTGREEN,Phnom Penh_LIGHTGREEN,Yangon_LILAC,Chengdu_DARKGREEN","Hanoi_AQUA,Kuala Lumpur_AQUA,Yangon_LIGHTGREEN,Ho Chi Minh City_LIGHTGREEN,Manila_LIGHTGREEN,Yangon_LILAC,Chengdu_DARKGREEN"
27,Bangui,4.3666,18.5583,CAF,831925.0,Central African Republic,Africa,Sub-Saharan Africa,"BRONZE,NAVY",2,True,EXPRESS,"N'Djamena_BRONZE,Juba_BRONZE,Yaounde_NAVY,Mwanza_NAVY","Kano_BRONZE,Kampala_BRONZE,Lagos_NAVY,Nairobi_NAVY"
28,Banjul,13.4539,-16.5917,GMB,43094.0,Gambia,Africa,Sub-Saharan Africa,BRONZE,1,False,LOCAL,"Dakar_BRONZE,Bissau_BRONZE",
29,Barcelona,41.3833,2.1834,ESP,4920000.0,Spain,Europe,Southern Europe,"DARKGREEN,BRONZE",2,True,EXPRESS,"Paris_BRONZE,Casablanca_BRONZE,Madrid_DARKGREEN,London_DARKGREEN,Milan_DARKGREEN","Paris_BRONZE,Casablanca_BRONZE,Madrid_DARKGREEN,London_DARKGREEN,Milan_DARKGREEN"
30,Basse-Terre,16.0,-61.7167,GLP,10226.0,Guadeloupe,Americas,Latin America and the Caribbean,PURPLE,1,False,LOCAL,"San Juan_PURPLE,Fort-de-France_PURPLE",
31,Bata,1.87,9.77,GNQ,173046.0,Equatorial Guinea,Africa,Sub-Saharan Africa,BRONZE,1,False,LOCAL,"Douala_BRONZE,Libreville_BRONZE",
32,Beijing,39.9289,116.3883,CHN,11106000.0,China,Asia,Eastern Asia,"RED,DARKGREEN,ORANGE,AQUA",4,True,EXPRESS,"Shenyang_ORANGE,Wuhan_ORANGE,Ulaanbaatar_RED,Jinan_RED,Xi'an_AQUA,Tianjin_AQUA,Seoul_DARKGREEN,Xi'an_DARKGREEN","Shenyang_ORANGE,Wuhan_ORANGE,Moscow_RED,Jinan_RED,Xi'an_AQUA,Tianjin_AQUA,Seoul_DARKGREEN,Xi'an_DARKGREEN"
33,Beirut,33.872,35.5097,LBN,1846000.0,Lebanon,Asia,Western Asia,"BRONZE,LIGHTGREEN",2,True,EXPRESS,"Ankara_BRONZE,Amman_BRONZE,Jerusalem_LIGHTGREEN,Damascus_LIGHTGREEN","Ankara_BRONZE,Amman_BRONZE,Jerusalem_LIGHTGREEN,Damascus_LIGHTGREEN"
34,Belgrade,44.8186,20.468,SRB,1099000.0,Serbia,Europe,Southern Europe,BRONZE,1,False,LOCAL,"Budapest_BRONZE,Sofia_BRONZE",
35,Belize City,17.4987,-88.1884,BLZ,63028.0,Belize,Americas,Latin America and the Caribbean,PURPLE,1,False,LOCAL,"Guatemala City_PURPLE,Kingston_PURPLE",
36,Belo Horizonte,-19.915,-43.915,BRA,5575000.0,Brazil,Americas,Latin America and the Caribbean,BRONZE,1,False,EXPRESS,"Rio de Janeiro_BRONZE,Brasilia_BRONZE","Rio de Janeiro_BRONZE,Brasilia_BRONZE"
37,Berlin,52.5218,13.4015,DEU,3406000.0,Germany,Europe,Western Europe,"LILAC,DARKGREEN",2,True,EXPRESS,"Prague_LILAC,Copenhagen_LILAC,Amsterdam_DARKGREEN,Warsaw_DARKGREEN","Prague_LILAC,Copenhagen_LILAC,Amsterdam_DARKGREEN,Kyiv_DARKGREEN"
38,Bishkek,42.8731,74.5852,KGZ,837000.0,Kyrgyzstan,Asia,Central Asia,AQUA,1,False,LOCAL,"Tashkent_AQUA,Almaty_AQUA",
39,Bissau,11.865,-15.5984,GNB,403339.0,Guinea-Bissau,Africa,Sub-Saharan Africa,BRONZE,1,False,LOCAL,"Banjul_BRONZE,Conakry_BRONZE",
40,Bogota,4.5964,-74.0833,COL,7772000.0,Colombia,Americas,Latin America and the Caribbean,"RED,ORANGE",2,True,EXPRESS,"Quito_ORANGE,Medellin_ORANGE,Caracas_RED,Quito_RED","Quito_ORANGE,Medellin_ORANGE,Caracas_RED,Quito_RED"
41,Boston,42.3188,-71.0846,USA,4637537.0,United States of America,Americas,Northern America,"BRONZE,ORANGE",2,True,EXPRESS,"New York City_ORANGE,New York City_BRONZE,Dublin_BRONZE","New York City_ORANGE,New York City_BRONZE,London_BRONZE"
42,Brasilia,-15.7833,-47.9161,BRA,3716996.0,Brazil,Americas,Latin America and the Caribbean,BRONZE,1,False,EXPRESS,"Belo Horizonte_BRONZE,Cayenne_BRONZE","Belo Horizonte_BRONZE,Port of Spain_BRONZE"
43,Bratislava,48.15,17.117,SVK,423737.0,Slovakia,Europe,Eastern Europe,BRONZE,1,False,LOCAL,"Prague_BRONZE,Budapest_BRONZE",
44,Brazzaville,-4.2592,15.2847,COG,1355000.0,Congo,Africa,Sub-Saharan Africa,LIGHTGREEN,1,False,LOCAL,"Luanda_LIGHTGREEN,Kinshasa_LIGHTGREEN",
45,Bridgetown,13.102,-59.6165,BRB,191152.0,Barbados,Americas,Latin America and the Caribbean,PURPLE,1,False,LOCAL,"Fort-de-France_PURPLE,Port of Spain_PURPLE",
46,Brisbane,-27.455,153.0351,AUS,1860000.0,Australia,Oceania,Australia and New Zealand,ORANGE,1,False,LOCAL,"Port Moresby_ORANGE,Sydney_ORANGE",
47,Brussels,50.8333,4.3333,BEL,1743000.0,Belgium,Europe,Western Europe,"RED,BRONZE",2,True,EXPRESS,"Paris_RED,Amsterdam_RED,London_BRONZE,Frankfurt_BRONZE","Paris_RED,Amsterdam_RED,London_BRONZE,Frankfurt_BRONZE"
48,Bucharest,44.4334,26.0999,ROU,1942000.0,Romania,Europe,Eastern Europe,LILAC,1,False,LOCAL,"Istanbul_LILAC,Chisinau_LILAC",
49,Budapest,47.5,19.0833,HUN,1679000.0,Hungary,Europe,Eastern Europe,BRONZE,1,False,LOCAL,"Bratislava_BRONZE,Belgrade_BRONZE",
50,Buenos Aires,-34.6025,-58.3975,ARG,12795000.0,Argentina,Americas,Latin America and the Caribbean,"BRONZE,ORANGE",2,True,EXPRESS,"Montevideo_ORANGE,Santiago_ORANGE,Santiago_BRONZE,Montevideo_BRONZE","Montevideo_ORANGE,Santiago_ORANGE,Santiago_BRONZE,Montevideo_BRONZE"
51,Bujumbura,-3.3761,29.36,BDI,331700.0,Burundi,Africa,Sub-Saharan Africa,LIGHTGREEN,1,False,LOCAL,"Kinshasa_LIGHTGREEN,Kigali_LIGHTGREEN",
52,Busan,35.0951,129.01,KOR,3480000.0,"Korea, Republic of",Asia,Eastern Asia,"AQUA,NAVY",2,True,EXPRESS,"Seoul_AQUA,Fukuoka_AQUA,Seoul_NAVY,Fukuoka_NAVY","Seoul_AQUA,Fukuoka_AQUA,Seoul_NAVY,Fukuoka_NAVY"
53,Cairo,30.05,31.25,EGY,11893000.0,Egypt,Africa,Northern Africa,"SILVER,LILAC,DARKGREEN,LIGHTGREEN",4,True,EXPRESS,"Alexandria_SILVER,Jerusalem_SILVER,Khartoum_LIGHTGREEN,Jerusalem_LIGHTGREEN,Jeddah_LILAC,Athens_LILAC,Athens_DARKGREEN","Alexandria_SILVER,Jerusalem_SILVER,Khartoum_LIGHTGREEN,Jerusalem_LIGHTGREEN,Jeddah_LILAC,Athens_LILAC,Athens_DARKGREEN"
54,Calgary,51.083,-114.08,CAN,1110000.0,Canada,Americas,Northern America,PURPLE,1,False,LOCAL,"Vancouver_PURPLE,Winnipeg_PURPLE",
55,Cape Town,-33.92,18.435,ZAF,3215000.0,South Africa,Africa,Sub-Saharan Africa,"LIGHTGREEN,BLUE",2,True,EXPRESS,"Windhoek_LIGHTGREEN,Maseru_BLUE","Luanda_LIGHTGREEN,Johannesburg_BLUE"
56,Caracas,10.501,-66.917,VEN,2985000.0,Venezuela (Bolivarian Republic of),Americas,Latin America and the Caribbean,"RED,BRONZE",2,True,EXPRESS,"Bogota_RED,Port of Spain_BRONZE,Santo Domingo_BRONZE","Bogota_RED,Port of Spain_BRONZE,Santo Domingo_BRONZE"
57,Casablanca,33.6,-7.6164,MAR,3181000.0,Morocco,Africa,Northern Africa,"SILVER,BRONZE",2,True,EXPRESS,"Barcelona_BRONZE,Laayoune_BRONZE,Madrid_SILVER,Algiers_SILVER","Barcelona_BRONZE,Dakar_BRONZE,Bamako_BRONZE,Madrid_SILVER,Algiers_SILVER"
58,Cayenne,4.933,-52.33,GUF,61550.0,French Guiana,Americas,Latin America and the Caribbean,BRONZE,1,False,LOCAL,"Brasilia_BRONZE,Paramaribo_BRONZE",
59,Chengdu,30.67,104.07,CHN,4123000.0,China,Asia,Eastern Asia,"DARKGREEN,NAVY",2,True,EXPRESS,"Thimphu_NAVY,Chongqing_NAVY,Xi'an_DARKGREEN,Bangkok_DARKGREEN","Delhi_NAVY,Chongqing_NAVY,Xi'an_DARKGREEN,Bangkok_DARKGREEN"
60,Chennai,13.09,80.28,IND,7163000.0,India,Asia,Southern Asia,BLUE,1,False,EXPRESS,Bangalore_BLUE,Bangalore_BLUE
61,Chicago,41.8373,-87.6862,USA,8675982.0,United States of America,Americas,Northern America,"DARKGREEN,ORANGE",2,True,EXPRESS,"Seattle_ORANGE,Washington D.C._ORANGE,Denver_DARKGREEN,Toronto_DARKGREEN","Seattle_ORANGE,Washington D.C._ORANGE,Denver_DARKGREEN,Toronto_DARKGREEN"
62,Chisinau,47.005,28.8577,MDA,688134.0,"Moldova, Republic of",Europe,Eastern Europe,LILAC,1,False,LOCAL,"Bucharest_LILAC,Kyiv_LILAC",
63,Chittagong,22.33,91.8,BGD,4529000.0,Bangladesh,Asia,Southern Asia,LIGHTGREEN,1,False,EXPRESS,"Dhaka_LIGHTGREEN,Mandalay_LIGHTGREEN","Dhaka_LIGHTGREEN,Yangon_LIGHTGREEN"
64,Chongqing,29.565,106.595,CHN,6461000.0,China,Asia,Eastern Asia,NAVY,1,False,EXPRESS,"Chengdu_NAVY,Wuhan_NAVY","Chengdu_NAVY,Wuhan_NAVY"
65,Christchurch,-43.535,172.63,NZL,363200.0,New Zealand,Oceania,Australia and New Zealand,AQUA,1,False,LOCAL,Auckland_AQUA,
66,Colombo,6.932,79.8578,LKA,217000.0,Sri Lanka,Asia,Southern Asia,SILVER,1,False,LOCAL,"Bangalore_SILVER,Medan_SILVER",
67,Conakry,9.5315,-13.6802,GIN,1494000.0,Guinea,Africa,Sub-Saharan Africa,BRONZE,1,False,LOCAL,"Bissau_BRONZE,Freetown_BRONZE",
68,Copenhagen,55.6786,12.5635,DNK,1085000.0,Denmark,Europe,Northern Europe,"RED,LILAC",2,True,EXPRESS,"Amsterdam_RED,Oslo_RED,Berlin_LILAC","Amsterdam_RED,Helsinki_RED,Berlin_LILAC"
69,Cotonou,6.4,2.52,BEN,762000.0,Benin,Africa,Sub-Saharan Africa,BRONZE,1,False,LOCAL,"Lome_BRONZE,Lagos_BRONZE",
70,Dakar,14.7158,-17.4731,SEN,2604000.0,Senegal,Africa,Sub-Saharan Africa,"BRONZE,NAVY",2,True,EXPRESS,"Nouakchott_BRONZE,Banjul_BRONZE,Bamako_NAVY","Casablanca_BRONZE,Abidjan_BRONZE,Bamako_NAVY"
71,Dalian,38.9228,121.6298,CHN,3167000.0,China,Asia,Eastern Asia,AQUA,1,False,EXPRESS,"Tianjin_AQUA,Seoul_AQUA","Tianjin_AQUA,Seoul_AQUA"
72,Dallas,32.7936,-96.7662,USA,5733259.0,United States of America,Americas,Northern America,ORANGE,1,False,EXPRESS,"Phoenix_ORANGE,Houston_ORANGE","Phoenix_ORANGE,Houston_ORANGE"
73,Damascus,33.5,36.3,SYR,2466000.0,Syrian Arab Republic,Asia,Western Asia,LIGHTGREEN,1,False,EXPRESS,"Beirut_LIGHTGREEN,Baghdad_LIGHTGREEN","Beirut_LIGHTGREEN,Baghdad_LIGHTGREEN"
74,Dar es Salaam,-6.8,39.2683,TZA,2930000.0,"Tanzania, United Republic of",Africa,Sub-Saharan Africa,BLUE,1,False,EXPRESS,"Lilongwe_BLUE,Mombasa_BLUE,Moroni_BLUE","Johannesburg_BLUE,Nairobi_BLUE"
75,Davao,7.11,125.63,PHL,1402000.0,Philippines,Asia,South-eastern Asia,ORANGE,1,False,LOCAL,"Manila_ORANGE,Dili_ORANGE",
76,Delhi,28.67,77.23,IND,15926000.0,India,Asia,Southern Asia,"LIGHTGREEN,NAVY,BLUE",3,True,EXPRESS,"Mumbai_NAVY,Kathmandu_NAVY,Lahore_LIGHTGREEN,Lucknow_LIGHTGREEN,Lahore_BLUE,Nagpur_BLUE","Mumbai_NAVY,Chengdu_NAVY,Lahore_LIGHTGREEN,Lucknow_LIGHTGREEN,Lahore_BLUE,Nagpur_BLUE"
77,Denver,39.7621,-104.8759,USA,2787266.0,United States of America,Americas,Northern America,DARKGREEN,1,False,EXPRESS,"Las Vegas_DARKGREEN,Chicago_DARKGREEN","Las Vegas_DARKGREEN,Chicago_DARKGREEN"
78,Dhaka,23.7231,90.4086,BGD,12797394.0,Bangladesh,Asia,Southern Asia,"LILAC,LIGHTGREEN",2,True,EXPRESS,"Lucknow_LIGHTGREEN,Chittagong_LIGHTGREEN,Yangon_LILAC,Kolkata_LILAC","Lucknow_LIGHTGREEN,Chittagong_LIGHTGREEN,Yangon_LILAC,Kolkata_LILAC"
79,Dili,-8.5594,125.5795,TLS,234331.0,Timor-Leste,Asia,South-eastern Asia,"ORANGE,LIGHTGREEN",2,True,EXPRESS,"Davao_ORANGE,Port Moresby_ORANGE,Bali_LIGHTGREEN","Manila_ORANGE,Sydney_ORANGE,Bali_LIGHTGREEN"
80,Djibouti,11.595,43.148,DJI,923000.0,Djibouti,Africa,Sub-Saharan Africa,BLUE,1,False,LOCAL,"Addis Ababa_BLUE,Sanaa_BLUE",
81,Doha,25.2866,51.533,QAT,1450000.0,Qatar,Asia,Western Asia,"BRONZE,BLUE",2,True,EXPRESS,"Amman_BRONZE,Dubai_BRONZE,Dubai_BLUE,Manama_BLUE","Amman_BRONZE,Dubai_BRONZE,Dubai_BLUE,Kuwait City_BLUE"
82,Douala,4.0604,9.71,CMR,1906000.0,Cameroon,Africa,Sub-Saharan Africa,BRONZE,1,False,LOCAL,"Lagos_BRONZE,Bata_BRONZE",
83,Dubai,25.23,55.28,ARE,1379000.0,United Arab Emirates,Asia,Western Asia,"SILVER,LILAC,BRONZE,BLUE",4,True,EXPRESS,"Doha_BRONZE,Abu Dhabi_SILVER,Muscat_SILVER,Sanaa_BLUE,Doha_BLUE,Muscat_LILAC,Abu Dhabi_LILAC","Doha_BRONZE,Abu Dhabi_SILVER,Muscat_SILVER,Sanaa_BLUE,Doha_BLUE,Muscat_LILAC,Abu Dhabi_LILAC"
84,Dublin,53.3331,-6.2489,IRL,1059000.0,Ireland,Europe,Northern Europe,BRONZE,1,False,LOCAL,"Boston_BRONZE,London_BRONZE",
85,Dushanbe,38.56,68.7739,TJK,1086244.0,Tajikistan,Asia,Central Asia,AQUA,1,False,LOCAL,"Ashgabat_AQUA,Tashkent_AQUA",
86,Fort-de-France,14.6104,-61.08,MTQ,253995.0,Martinique,Americas,Latin America and the Caribbean,PURPLE,1,False,LOCAL,"Basse-Terre_PURPLE,Bridgetown_PURPLE",
87,Fortaleza,-3.75,-38.58,BRA,3602319.0,Brazil,Americas,Latin America and the Caribbean,RED,1,False,EXPRESS,"Salvador_RED,Lagos_RED","Salvador_RED,Lagos_RED"
88,Frankfurt,50.1,8.675,DEU,2895000.0,Germany,Europe,Western Europe,BRONZE,1,False,EXPRESS,"Brussels_BRONZE,Prague_BRONZE","Brussels_BRONZE,Prague_BRONZE"
89,Freetown,8.47,-13.2342,SLE,827000.0,Sierra Leone,Africa,Sub-Saharan Africa,BRONZE,1,False,LOCAL,"Conakry_BRONZE,Monrovia_BRONZE",
90,Fukuoka,33.595,130.41,JPN,2792000.0,Japan,Asia,Eastern Asia,"AQUA,NAVY",2,True,EXPRESS,"Busan_AQUA,Osaka_AQUA,Busan_NAVY,Osaka_NAVY","Busan_AQUA,Osaka_AQUA,Busan_NAVY,Osaka_NAVY"
91,Gaborone,-24.6463,25.9119,BWA,208411.0,Botswana,Africa,Sub-Saharan Africa,BRONZE,1,False,LOCAL,"Lusaka_BRONZE,Johannesburg_BRONZE",
92,Georgetown,6.8020000000000005,-58.167,GUY,264350.0,Guyana,Americas,Latin America and the Caribbean,BRONZE,1,False,LOCAL,"Paramaribo_BRONZE,Port of Spain_BRONZE",
93,Glasgow,55.8744,-4.2507,GBR,1160000.0,United Kingdom of Great Britain and Northern Ireland,Europe,Northern Europe,AQUA,1,False,LOCAL,"Reykjavik_AQUA,London_AQUA",
94,Guadalajara,20.67,-103.33,MEX,4198000.0,Mexico,Americas,Latin America and the Caribbean,ORANGE,1,False,EXPRESS,"Mexico City_ORANGE,Los Angeles_ORANGE","Mexico City_ORANGE,Los Angeles_ORANGE"
95,Guangzhou,23.145,113.325,CHN,8829000.0,China,Asia,Eastern Asia,ORANGE,1,False,EXPRESS,"Wuhan_ORANGE,Shenzhen_ORANGE","Wuhan_ORANGE,Shenzhen_ORANGE"
96,Guatemala City,14.6211,-90.527,GTM,1024000.0,Guatemala,Americas,Latin America and the Caribbean,"ORANGE,PURPLE",2,True,EXPRESS,"San Salvador_ORANGE,Mexico City_ORANGE,Mexico City_PURPLE,Belize City_PURPLE","Medellin_ORANGE,Mexico City_ORANGE,Mexico City_PURPLE,Kingston_PURPLE"
97,Hangzhou,30.25,120.17,CHN,3007000.0,China,Asia,Eastern Asia,"RED,AQUA",2,True,EXPRESS,"Shanghai_RED,Taipei_RED,Shanghai_AQUA,Taipei_AQUA","Shanghai_RED,Taipei_RED,Shanghai_AQUA,Taipei_AQUA"
98,Hanoi,21.0333,105.85,VNM,4378000.0,Viet Nam,Asia,South-eastern Asia,AQUA,1,False,EXPRESS,"Macau_AQUA,Vientiane_AQUA","Macau_AQUA,Bangkok_AQUA"
99,Harare,-17.8178,31.0447,ZWE,1572000.0,Zimbabwe,Africa,Sub-Saharan Africa,BLUE,1,False,LOCAL,"Maputo_BLUE,Lilongwe_BLUE",
100,Harbin,45.75,126.65,CHN,3621000.0,China,Asia,Eastern Asia,ORANGE,1,False,EXPRESS,"Khabarovsk_ORANGE,Shenyang_ORANGE","Khabarovsk_ORANGE,Shenyang_ORANGE"
101,Havana,23.131999999999998,-82.3642,CUB,2174000.0,Cuba,Americas,Latin America and the Caribbean,BRONZE,1,False,EXPRESS,"Kingston_BRONZE,Miami_BRONZE","Kingston_BRONZE,Miami_BRONZE"
102,Helsinki,60.1756,24.9341,FIN,1115000.0,Finland,Europe,Northern Europe,"RED,LILAC",2,True,EXPRESS,"Stockholm_RED,Saint Petersburg_RED,Tallinn_LILAC,Saint Petersburg_LILAC","Copenhagen_RED,Saint Petersburg_RED,Kyiv_LILAC,Saint Petersburg_LILAC"
103,Ho Chi Minh City,10.78,106.695,VNM,5314000.0,Viet Nam,Asia,South-eastern Asia,LIGHTGREEN,1,False,EXPRESS,"Phnom Penh_LIGHTGREEN,Singapore_LIGHTGREEN","Bangkok_LIGHTGREEN,Singapore_LIGHTGREEN"
104,Hong Kong,22.305,114.185,HKG,7206000.0,Hong Kong,Asia,Eastern Asia,"RED,DARKGREEN,ORANGE,AQUA",4,True,EXPRESS,"Shenzhen_ORANGE,Manila_ORANGE,Taipei_RED,Macau_RED,Taipei_AQUA,Macau_AQUA,Taipei_DARKGREEN","Shenzhen_ORANGE,Manila_ORANGE,Taipei_RED,Macau_RED,Taipei_AQUA,Macau_AQUA,Taipei_DARKGREEN"
105,Honiara,-9.437999999999999,159.9498,SLB,76328.0,Solomon Islands,Oceania,Melanesia,ORANGE,1,False,LOCAL,"Port Moresby_ORANGE,Noumea_ORANGE",
106,Honolulu,21.3294,-157.846,USA,833671.0,United States of America,Americas,Northern America,DARKGREEN,1,False,LOCAL,"Tokyo_DARKGREEN,Los Angeles_DARKGREEN",
107,Houston,29.7869,-95.3905,USA,5446468.0,United States of America,Americas,Northern America,"ORANGE,PURPLE",2,True,EXPRESS,"Dallas_ORANGE,Miami_ORANGE,Atlanta_PURPLE,Monterrey_PURPLE","Dallas_ORANGE,Miami_ORANGE,Atlanta_PURPLE,Monterrey_PURPLE"
108,Hyderabad,17.4,78.48,IND,6376000.0,India,Asia,Southern Asia,"LILAC,BLUE",2,True,EXPRESS,"Nagpur_BLUE,Bangalore_BLUE,Kolkata_LILAC,Mumbai_LILAC","Nagpur_BLUE,Bangalore_BLUE,Kolkata_LILAC,Mumbai_LILAC"
109,Irkutsk,52.32,104.245,RUS,586695.0,Russian Federation,Europe,Eastern Europe,RED,1,False,LOCAL,"Krasnoyarsk_RED,Ulaanbaatar_RED,Khabarovsk_RED",
110,Islamabad,33.7,73.1666,PAK,780000.0,Pakistan,Asia,Southern Asia,LIGHTGREEN,1,False,LOCAL,"Kabul_LIGHTGREEN,Lahore_LIGHTGREEN",
111,Istanbul,41.105,29.01,TUR,10061000.0,Turkey,Asia,Western Asia,"LILAC,BRONZE,AQUA",3,True,EXPRESS,"Sofia_BRONZE,Ankara_BRONZE,Skopje_AQUA,Ankara_AQUA,Athens_LILAC,Bucharest_LILAC","Prague_BRONZE,Ankara_BRONZE,Zagreb_AQUA,Ankara_AQUA,Athens_LILAC,Kyiv_LILAC"
112,Jakarta,-6.1744,106.8294,IDN,9125000.0,Indonesia,Asia,South-eastern Asia,"AQUA,LIGHTGREEN",2,True,EXPRESS,"Singapore_AQUA,Surabaya_AQUA,Singapore_LIGHTGREEN,Bali_LIGHTGREEN","Singapore_AQUA,Surabaya_AQUA,Singapore_LIGHTGREEN,Bali_LIGHTGREEN"
113,Jeddah,21.5169,39.2192,SAU,3012000.0,Saudi Arabia,Asia,Western Asia,LILAC,1,False,EXPRESS,"Riyadh_LILAC,Cairo_LILAC","Riyadh_LILAC,Cairo_LILAC"
114,Jerusalem,31.7784,35.2066,ISR,1029300.0,Israel,Asia,Western Asia,"SILVER,LIGHTGREEN",2,True,EXPRESS,"Cairo_SILVER,Amman_SILVER,Cairo_LIGHTGREEN,Beirut_LIGHTGREEN","Cairo_SILVER,Amman_SILVER,Cairo_LIGHTGREEN,Beirut_LIGHTGREEN"
115,Jinan,36.675,116.995,CHN,2798000.0,China,Asia,Eastern Asia,RED,1,False,EXPRESS,"Beijing_RED,Shanghai_RED","Beijing_RED,Shanghai_RED"
116,Johannesburg,-26.17,28.03,ZAF,3435000.0,South Africa,Africa,Sub-Saharan Africa,"BRONZE,BLUE",2,True,EXPRESS,"Gaborone_BRONZE,Maseru_BLUE,Mbabane_BLUE","Luanda_BRONZE,Cape Town_BLUE,Dar es Salaam_BLUE"
117,Juba,4.83,31.58,SSD,111975.0,South Sudan,Africa,Sub-Saharan Africa,BRONZE,1,False,LOCAL,"Bangui_BRONZE,Kampala_BRONZE",
118,Kabul,34.5167,69.1833,AFG,3277000.0,Afghanistan,Asia,Southern Asia,LIGHTGREEN,1,False,EXPRESS,"Mashhad_LIGHTGREEN,Islamabad_LIGHTGREEN","Mashhad_LIGHTGREEN,Lahore_LIGHTGREEN"
119,Kampala,0.3167,32.5833,UGA,1420000.0,Uganda,Africa,Sub-Saharan Africa,"BRONZE,LIGHTGREEN",2,True,EXPRESS,"Juba_BRONZE,Nairobi_BRONZE,Kigali_LIGHTGREEN,Nairobi_LIGHTGREEN","Bangui_BRONZE,Nairobi_BRONZE,Kinshasa_LIGHTGREEN,Nairobi_LIGHTGREEN"
120,Kano,12.0,8.52,NGA,3140000.0,Nigeria,Africa,Sub-Saharan Africa,"RED,BRONZE",2,True,EXPRESS,"Abuja_RED,Tunis_RED,Niamey_BRONZE,N'Djamena_BRONZE","Lagos_RED,Tunis_RED,Ouagadougou_BRONZE,Bangui_BRONZE"
121,Karachi,24.87,66.99,PAK,12130000.0,Pakistan,Asia,Southern Asia,"SILVER,LILAC,BLUE",3,True,EXPRESS,"Muscat_SILVER,Surat_SILVER,Tehran_BLUE,Lahore_BLUE,Ahmadabad_LILAC,Muscat_LILAC","Muscat_SILVER,Surat_SILVER,Tehran_BLUE,Lahore_BLUE,Ahmadabad_LILAC,Muscat_LILAC"
122,Kathmandu,27.7167,85.3166,NPL,895000.0,Nepal,Asia,Southern Asia,NAVY,1,False,LOCAL,"Delhi_NAVY,Thimphu_NAVY",
123,Kazan,55.7499,49.1263,RUS,1115000.0,Russian Federation,Europe,Eastern Europe,RED,1,False,LOCAL,"Moscow_RED,Yekaterinburg_RED",
124,Khabarovsk,48.455,135.12,RUS,579000.0,Russian Federation,Europe,Eastern Europe,"RED,ORANGE",2,True,EXPRESS,"Anchorage_ORANGE,Harbin_ORANGE,Irkutsk_RED,Vladivostok_RED","Vancouver_ORANGE,Harbin_ORANGE,Moscow_RED,Sapporo_RED"
125,Khartoum,15.5881,32.5342,SDN,4754000.0,Sudan,Africa,Northern Africa,LIGHTGREEN,1,False,EXPRESS,"Asmara_LIGHTGREEN,Cairo_LIGHTGREEN","Addis Ababa_LIGHTGREEN,Cairo_LIGHTGREEN"
126,Kigali,-1.9536,30.0605,RWA,860000.0,Rwanda,Africa,Sub-Saharan Africa,LIGHTGREEN,1,False,LOCAL,"Bujumbura_LIGHTGREEN,Kampala_LIGHTGREEN",
127,Kingston,17.9771,-76.7674,JAM,937700.0,Jamaica,Americas,Latin America and the Caribbean,"BRONZE,PURPLE",2,True,EXPRESS,"Belize City_PURPLE,Port-au-Prince_PURPLE,Port-au-Prince_BRONZE,Havana_BRONZE","Guatemala City_PURPLE,Port-au-Prince_PURPLE,Port-au-Prince_BRONZE,Havana_BRONZE"
128,Kinshasa,-4.3297,15.315,COD,7843000.0,"Congo, Democratic Republic of the",Africa,Sub-Saharan Africa,LIGHTGREEN,1,False,EXPRESS,"Brazzaville_LIGHTGREEN,Bujumbura_LIGHTGREEN","Luanda_LIGHTGREEN,Kampala_LIGHTGREEN"
129,Kolkata,22.495,88.3247,IND,14787000.0,India,Asia,Southern Asia,LILAC,1,False,EXPRESS,"Dhaka_LILAC,Hyderabad_LILAC","Dhaka_LILAC,Hyderabad_LILAC"
130,Krasnoyarsk,56.013999999999996,92.866,RUS,925000.0,Russian Federation,Europe,Eastern Europe,RED,1,False,LOCAL,"Novosibirsk_RED,Irkutsk_RED",
131,Kuala Lumpur,3.1667,101.7,MYS,1448000.0,Malaysia,Asia,South-eastern Asia,"SILVER,AQUA",2,True,EXPRESS,"Phuket_AQUA,Singapore_AQUA,Medan_SILVER,Singapore_SILVER","Bangkok_AQUA,Singapore_AQUA,Medan_SILVER,Singapore_SILVER"
132,Kuwait City,29.3697,47.9783,KWT,2063000.0,Kuwait,Asia,Western Asia,BLUE,1,False,EXPRESS,"Manama_BLUE,Tehran_BLUE","Doha_BLUE,Tehran_BLUE"
133,Kyiv,50.4334,30.5166,UKR,2709000.0,Ukraine,Europe,Eastern Europe,"LILAC,DARKGREEN",2,True,EXPRESS,"Chisinau_LILAC,Minsk_LILAC,Warsaw_DARKGREEN,Sevastopol_DARKGREEN","Istanbul_LILAC,Helsinki_LILAC,Berlin_DARKGREEN,Moscow_DARKGREEN"
134,La Paz,-16.498,-68.15,BOL,1590000.0,Bolivia (Plurinational State of),Americas,Latin America and the Caribbean,"RED,ORANGE",2,True,EXPRESS,"Santiago_ORANGE,Lima_ORANGE,Lima_RED,Santa Cruz de la Sierra_RED","Santiago_ORANGE,Lima_ORANGE,Lima_RED,Sao Paulo_RED"
135,Laayoune,27.1536,-13.2033,ESH,217732.0,Western Sahara,Africa,Northern Africa,BRONZE,1,False,LOCAL,"Casablanca_BRONZE,Nouakchott_BRONZE",
136,Lagos,6.4433,3.3915,NGA,9466000.0,Nigeria,Africa,Sub-Saharan Africa,"RED,BRONZE,NAVY",3,True,EXPRESS,"Fortaleza_RED,Abuja_RED,Cotonou_BRONZE,Douala_BRONZE,Accra_NAVY,Yaounde_NAVY","Fortaleza_RED,Kano_RED,Accra_BRONZE,Luanda_BRONZE,Accra_NAVY,Bangui_NAVY"
137,Lahore,31.56,74.35,PAK,6577000.0,Pakistan,Asia,Southern Asia,"LIGHTGREEN,BLUE",2,True,EXPRESS,"Islamabad_LIGHTGREEN,Delhi_LIGHTGREEN,Karachi_BLUE,Delhi_BLUE","Kabul_LIGHTGREEN,Delhi_LIGHTGREEN,Karachi_BLUE,Delhi_BLUE"
138,Las Vegas,36.2333,-115.2654,USA,2073045.0,United States of America,Americas,Northern America,DARKGREEN,1,False,EXPRESS,"Los Angeles_DARKGREEN,Denver_DARKGREEN","Los Angeles_DARKGREEN,Denver_DARKGREEN"
139,Libreville,0.3854,9.458,GAB,578156.0,Gabon,Africa,Sub-Saharan Africa,BRONZE,1,False,LOCAL,"Bata_BRONZE,Luanda_BRONZE",
140,Lilongwe,-13.9833,33.7833,MWI,646750.0,Malawi,Africa,Sub-Saharan Africa,BLUE,1,False,LOCAL,"Harare_BLUE,Dar es Salaam_BLUE",
141,Lima,-12.048,-77.0501,PER,8012000.0,Peru,Americas,Latin America and the Caribbean,"RED,ORANGE",2,True,EXPRESS,"La Paz_ORANGE,Quito_ORANGE,Quito_RED,La Paz_RED","La Paz_ORANGE,Quito_ORANGE,Quito_RED,La Paz_RED"
142,Lisbon,38.7227,-9.1449,PRT,2812000.0,Portugal,Europe,Southern Europe,DARKGREEN,1,False,EXPRESS,"New York City_DARKGREEN,Madrid_DARKGREEN","New York City_DARKGREEN,Madrid_DARKGREEN"
143,Ljubljana,46.0553,14.515,SVN,314807.0,Slovenia,Europe,Southern Europe,AQUA,1,False,LOCAL,"Zurich_AQUA,Zagreb_AQUA",
144,Lome,6.1319,1.2228,TGO,1452000.0,Togo,Africa,Sub-Saharan Africa,BRONZE,1,False,LOCAL,"Accra_BRONZE,Cotonou_BRONZE",
145,London,51.5,-0.1167,GBR,8567000.0,United Kingdom of Great Britain and Northern Ireland,Europe,Northern Europe,"SILVER,DARKGREEN,BRONZE,AQUA",4,True,EXPRESS,"Dublin_BRONZE,Paris_BRONZE,Brussels_BRONZE,Glasgow_AQUA,Paris_AQUA,Madrid_SILVER,Barcelona_DARKGREEN,Amsterdam_DARKGREEN","Boston_BRONZE,Paris_BRONZE,Brussels_BRONZE,Paris_AQUA,Madrid_SILVER,Barcelona_DARKGREEN,Amsterdam_DARKGREEN"
146,Los Angeles,34.1139,-118.4068,USA,12815475.0,United States of America,Americas,Northern America,"DARKGREEN,ORANGE",2,True,EXPRESS,"Guadalajara_ORANGE,San Francisco_ORANGE,Phoenix_ORANGE,Honolulu_DARKGREEN,Las Vegas_DARKGREEN","Guadalajara_ORANGE,San Francisco_ORANGE,Phoenix_ORANGE,Tokyo_DARKGREEN,Las Vegas_DARKGREEN"
147,Luanda,-8.8383,13.2344,AGO,5172900.0,Angola,Africa,Sub-Saharan Africa,"BRONZE,LIGHTGREEN",2,True,EXPRESS,"Libreville_BRONZE,Lubumbashi_BRONZE,Windhoek_LIGHTGREEN,Brazzaville_LIGHTGREEN","Lagos_BRONZE,Johannesburg_BRONZE,Cape Town_LIGHTGREEN,Kinshasa_LIGHTGREEN"
148,Lubumbashi,-11.68,27.48,COD,1352000.0,"Congo, Democratic Republic of the",Africa,Sub-Saharan Africa,BRONZE,1,False,LOCAL,"Luanda_BRONZE,Lusaka_BRONZE",
149,Lucknow,26.855,80.915,IND,2695000.0,India,Asia,Southern Asia,LIGHTGREEN,1,False,EXPRESS,"Delhi_LIGHTGREEN,Dhaka_LIGHTGREEN","Delhi_LIGHTGREEN,Dhaka_LIGHTGREEN"
150,Lusaka,-15.4166,28.2833,ZMB,1328000.0,Zambia,Africa,Sub-Saharan Africa,BRONZE,1,False,LOCAL,"Lubumbashi_BRONZE,Gaborone_BRONZE",
151,Lyon,45.77,4.83,FRA,1423000.0,France,Europe,Western Europe,RED,1,False,LOCAL,"Monaco_RED,Paris_RED",
152,Macau,22.203000000000003,113.545,MAC,568700.0,Macao,Asia,Eastern Asia,"RED,AQUA",2,True,EXPRESS,"Hong Kong_RED,Sanya_RED,Hong Kong_AQUA,Hanoi_AQUA","Hong Kong_RED,Hong Kong_AQUA,Hanoi_AQUA"
153,Madrid,40.4,-3.6834,ESP,5567000.0,Spain,Europe,Southern Europe,"SILVER,DARKGREEN",2,True,EXPRESS,"London_SILVER,Casablanca_SILVER,Lisbon_DARKGREEN,Barcelona_DARKGREEN","London_SILVER,Casablanca_SILVER,Lisbon_DARKGREEN,Barcelona_DARKGREEN"
154,Male,4.1667,73.4999,MDV,112927.0,Maldives,Asia,Southern Asia,NAVY,1,False,LOCAL,"Mogadishu_NAVY,Mumbai_NAVY",
155,Managua,12.152999999999999,-86.2685,NIC,920000.0,Nicaragua,Americas,Latin America and the Caribbean,ORANGE,1,False,LOCAL,"San Jose_ORANGE,Tegucigalpa_ORANGE",
156,Manama,26.2361,50.5831,BHR,563920.0,Bahrain,Asia,Western Asia,BLUE,1,False,LOCAL,"Doha_BLUE,Kuwait City_BLUE",
157,Mandalay,21.97,96.085,MMR,1300000.0,Myanmar,Asia,South-eastern Asia,LIGHTGREEN,1,False,LOCAL,"Chittagong_LIGHTGREEN,Yangon_LIGHTGREEN",
158,Manila,14.6042,120.9822,PHL,11100000.0,Philippines,Asia,South-eastern Asia,"SILVER,ORANGE,LIGHTGREEN",3,True,EXPRESS,"Hong Kong_ORANGE,Davao_ORANGE,Bandar Seri Begawan_SILVER,Taipei_SILVER,Phnom Penh_LIGHTGREEN","Hong Kong_ORANGE,Dili_ORANGE,Singapore_SILVER,Taipei_SILVER,Bangkok_LIGHTGREEN"
159,Maputo,-25.9553,32.5892,MOZ,1446000.0,Mozambique,Africa,Sub-Saharan Africa,BLUE,1,False,LOCAL,"Mbabane_BLUE,Harare_BLUE",
160,Maseru,-29.3167,27.4833,LSO,361324.0,Lesotho,Africa,Sub-Saharan Africa,BLUE,1,False,LOCAL,"Cape Town_BLUE,Johannesburg_BLUE",
161,Mashhad,36.27,59.57,IRN,2469000.0,Iran (Islamic Republic of),Asia,Southern Asia,LIGHTGREEN,1,False,EXPRESS,"Tehran_LIGHTGREEN,Kabul_LIGHTGREEN","Tehran_LIGHTGREEN,Kabul_LIGHTGREEN"
162,Mbabane,-26.3167,31.1333,SWZ,90138.0,Eswatini,Africa,Sub-Saharan Africa,BLUE,1,False,LOCAL,"Johannesburg_BLUE,Maputo_BLUE",
163,Medan,3.58,98.65,IDN,2115000.0,Indonesia,Asia,South-eastern Asia,SILVER,1,False,EXPRESS,"Colombo_SILVER,Kuala Lumpur_SILVER","Bangalore_SILVER,Kuala Lumpur_SILVER"
164,Medellin,6.275,-75.575,COL,3297000.0,Colombia,Americas,Latin America and the Caribbean,ORANGE,1,False,EXPRESS,"Bogota_ORANGE,Panama City_ORANGE","Bogota_ORANGE,Guatemala City_ORANGE"
165,Melbourne,-37.82,144.975,AUS,4170000.0,Australia,Oceania,Australia and New Zealand,"ORANGE,AQUA",2,True,EXPRESS,"Sydney_ORANGE,Perth_AQUA,Sydney_AQUA","Sydney_ORANGE,Bali_AQUA,Sydney_AQUA"
166,Mexico City,19.4424,-99.131,MEX,19028000.0,Mexico,Americas,Latin America and the Caribbean,"ORANGE,PURPLE",2,True,EXPRESS,"Guatemala City_ORANGE,Guadalajara_ORANGE,Monterrey_PURPLE,Guatemala City_PURPLE","Guatemala City_ORANGE,Guadalajara_ORANGE,Monterrey_PURPLE,Guatemala City_PURPLE"
167,Miami,25.7839,-80.2102,USA,6381966.0,United States of America,Americas,Northern America,"BRONZE,ORANGE",2,True,EXPRESS,"Houston_ORANGE,Nassau_ORANGE,Havana_BRONZE,Atlanta_BRONZE","Houston_ORANGE,Havana_BRONZE,Atlanta_BRONZE"
168,Milan,45.47,9.205,ITA,2945000.0,Italy,Europe,Southern Europe,"RED,DARKGREEN",2,True,EXPRESS,"Rome_RED,Monaco_RED,Barcelona_DARKGREEN,Rome_DARKGREEN","Rome_RED,Paris_RED,Barcelona_DARKGREEN,Rome_DARKGREEN"
169,Minsk,53.9,27.5666,BLR,1805000.0,Belarus,Europe,Eastern Europe,LILAC,1,False,LOCAL,"Kyiv_LILAC,Vilnius_LILAC",
170,Mogadishu,2.0667,45.3667,SOM,1100000.0,Somalia,Africa,Sub-Saharan Africa,"LIGHTGREEN,NAVY",2,True,EXPRESS,"Nairobi_NAVY,Male_NAVY,Nairobi_LIGHTGREEN,Addis Ababa_LIGHTGREEN","Nairobi_NAVY,Mumbai_NAVY,Nairobi_LIGHTGREEN,Addis Ababa_LIGHTGREEN"
171,Mombasa,-4.04,39.6899,KEN,882000.0,Kenya,Africa,Sub-Saharan Africa,BLUE,1,False,LOCAL,"Dar es Salaam_BLUE,Nairobi_BLUE",
172,Monaco,43.7396,7.4069,MCO,36371.0,Monaco,Europe,Western Europe,RED,1,False,LOCAL,"Milan_RED,Lyon_RED",
173,Monrovia,6.3106,-10.8048,LBR,1041000.0,Liberia,Africa,Sub-Saharan Africa,BRONZE,1,False,LOCAL,"Freetown_BRONZE,Abidjan_BRONZE",
174,Monterrey,25.67,-100.33,MEX,3712000.0,Mexico,Americas,Latin America and the Caribbean,PURPLE,1,False,EXPRESS,"Houston_PURPLE,Mexico City_PURPLE","Houston_PURPLE,Mexico City_PURPLE"
175,Montevideo,-34.858000000000004,-56.1711,URY,1513000.0,Uruguay,Americas,Latin America and the Caribbean,"BRONZE,ORANGE",2,True,EXPRESS,"Sao Paulo_ORANGE,Buenos Aires_ORANGE,Buenos Aires_BRONZE,Sao Paulo_BRONZE","Sao Paulo_ORANGE,Buenos Aires_ORANGE,Buenos Aires_BRONZE,Sao Paulo_BRONZE"
176,Montreal,45.5,-73.5833,CAN,3678000.0,Canada,Americas,Northern America,PURPLE,1,False,EXPRESS,"Ottawa_PURPLE,New York City_PURPLE","Toronto_PURPLE,New York City_PURPLE"
177,Moroni,-11.7042,43.2402,COM,128698.0,Comoros,Africa,Sub-Saharan Africa,BLUE,1,False,LOCAL,"Dar es Salaam_BLUE,Antananarivo_BLUE",
178,Moscow,55.7522,37.6155,RUS,10452000.0,Russian Federation,Europe,Eastern Europe,"RED,LILAC,DARKGREEN",3,True,EXPRESS,"Saint Petersburg_RED,Kazan_RED,Saint Petersburg_LILAC,Sevastopol_DARKGREEN","Saint Petersburg_RED,Beijing_RED,Khabarovsk_RED,Saint Petersburg_LILAC,Kyiv_DARKGREEN"
179,Mumbai,19.017,72.857,IND,18978000.0,India,Asia,Southern Asia,"SILVER,LILAC,NAVY",3,True,EXPRESS,"Ahmadabad_SILVER,Pune_SILVER,Male_NAVY,Delhi_NAVY,Hyderabad_LILAC,Surat_LILAC","Ahmadabad_SILVER,Pune_SILVER,Mogadishu_NAVY,Delhi_NAVY,Hyderabad_LILAC,Surat_LILAC"
180,Muscat,23.6133,58.5933,OMN,734697.0,Oman,Asia,Western Asia,"SILVER,LILAC",2,True,EXPRESS,"Dubai_SILVER,Karachi_SILVER,Karachi_LILAC,Dubai_LILAC","Dubai_SILVER,Karachi_SILVER,Karachi_LILAC,Dubai_LILAC"
181,Mwanza,-2.52,32.93,TZA,493944.0,"Tanzania, United Republic of",Africa,Sub-Saharan Africa,NAVY,1,False,LOCAL,"Bangui_NAVY,Nairobi_NAVY",
182,N'Djamena,12.1131,15.0491,TCD,989000.0,Chad,Africa,Sub-Saharan Africa,BRONZE,1,False,LOCAL,"Kano_BRONZE,Bangui_BRONZE",
183,Nagpur,21.17,79.09,IND,2454000.0,India,Asia,Southern Asia,BLUE,1,False,EXPRESS,"Delhi_BLUE,Hyderabad_BLUE","Delhi_BLUE,Hyderabad_BLUE"
184,Nairobi,-1.2833,36.8167,KEN,3010000.0,Kenya,Africa,Sub-Saharan Africa,"LIGHTGREEN,BRONZE,NAVY,BLUE",4,True,EXPRESS,"Kampala_BRONZE,Mwanza_NAVY,Mogadishu_NAVY,Kampala_LIGHTGREEN,Mogadishu_LIGHTGREEN,Mombasa_BLUE,Addis Ababa_BLUE","Kampala_BRONZE,Bangui_NAVY,Mogadishu_NAVY,Kampala_LIGHTGREEN,Mogadishu_LIGHTGREEN,Dar es Salaam_BLUE,Addis Ababa_BLUE"
185,Nanjing,32.05,118.78,CHN,3679000.0,China,Asia,Eastern Asia,NAVY,1,False,EXPRESS,"Wuhan_NAVY,Shanghai_NAVY","Wuhan_NAVY,Shanghai_NAVY"
186,Nassau,25.0834,-77.35,BHS,227940.0,Bahamas,Americas,Latin America and the Caribbean,ORANGE,1,False,LOCAL,Miami_ORANGE,
187,New York City,40.6943,-73.9249,USA,19354922.0,United States of America,Americas,Northern America,"BRONZE,DARKGREEN,ORANGE,PURPLE",4,True,EXPRESS,"Washington D.C._ORANGE,Boston_ORANGE,Montreal_PURPLE,Atlanta_PURPLE,Washington D.C._BRONZE,Boston_BRONZE,Toronto_DARKGREEN,Lisbon_DARKGREEN","Washington D.C._ORANGE,Boston_ORANGE,Montreal_PURPLE,Atlanta_PURPLE,Washington D.C._BRONZE,Boston_BRONZE,Toronto_DARKGREEN,Lisbon_DARKGREEN"
188,Niamey,13.5167,2.1167,NER,915000.0,Niger,Africa,Sub-Saharan Africa,BRONZE,1,False,LOCAL,"Ouagadougou_BRONZE,Kano_BRONZE",
189,Nouakchott,18.0864,-15.9753,MRT,742144.0,Mauritania,Africa,Sub-Saharan Africa,BRONZE,1,False,LOCAL,"Laayoune_BRONZE,Dakar_BRONZE,Bamako_BRONZE",
190,Noumea,-22.2625,166.4443,NCL,93060.0,New Caledonia,Oceania,Melanesia,ORANGE,1,False,LOCAL,"Honiara_ORANGE,Suva_ORANGE",
191,Novosibirsk,55.03,82.96,RUS,1389000.0,Russian Federation,Europe,Eastern Europe,RED,1,False,LOCAL,"Yekaterinburg_RED,Krasnoyarsk_RED",
192,Osaka,34.75,135.4601,JPN,11294000.0,Japan,Asia,Eastern Asia,"AQUA,NAVY",2,True,EXPRESS,"Fukuoka_AQUA,Tokyo_AQUA,Fukuoka_NAVY,Tokyo_NAVY","Fukuoka_AQUA,Tokyo_AQUA,Fukuoka_NAVY,Tokyo_NAVY"
193,Oslo,59.9167,10.75,NOR,835000.0,Norway,Europe,Northern Europe,RED,1,False,LOCAL,"Copenhagen_RED,Stockholm_RED",
194,Ottawa,45.4167,-75.7,CAN,1145000.0,Canada,Americas,Northern America,PURPLE,1,False,LOCAL,"Toronto_PURPLE,Montreal_PURPLE",
195,Ouagadougou,12.3703,-1.5247,BFA,1149000.0,Burkina Faso,Africa,Sub-Saharan Africa,"BRONZE,NAVY",2,True,EXPRESS,"Bamako_BRONZE,Niamey_BRONZE,Bamako_NAVY,Accra_NAVY","Bamako_BRONZE,Kano_BRONZE,Bamako_NAVY,Accra_NAVY"
196,Panama City,8.968,-79.533,PAN,1281000.0,Panama,Americas,Latin America and the Caribbean,ORANGE,1,False,LOCAL,"Medellin_ORANGE,San Jose_ORANGE",
197,Paramaribo,5.835,-55.167,SUR,254169.0,Suriname,Americas,Latin America and the Caribbean,BRONZE,1,False,LOCAL,"Cayenne_BRONZE,Georgetown_BRONZE",
198,Paris,48.8667,2.3333,FRA,9904000.0,France,Europe,Western Europe,"RED,BRONZE,AQUA",3,True,EXPRESS,"Lyon_RED,Brussels_RED,London_BRONZE,Barcelona_BRONZE,London_AQUA,Zurich_AQUA","Milan_RED,Brussels_RED,London_BRONZE,Barcelona_BRONZE,London_AQUA,Zagreb_AQUA"
199,Perth,-31.955,115.84,AUS,1532000.0,Australia,Oceania,Australia and New Zealand,AQUA,1,False,LOCAL,"Bali_AQUA,Melbourne_AQUA",
200,Phnom Penh,11.55,104.9166,KHM,1466000.0,Cambodia,Asia,South-eastern Asia,LIGHTGREEN,1,False,LOCAL,"Bangkok_LIGHTGREEN,Ho Chi Minh City_LIGHTGREEN,Manila_LIGHTGREEN",
201,Phoenix,33.5722,-112.0891,USA,4081849.0,United States of America,Americas,Northern America,ORANGE,1,False,EXPRESS,"Los Angeles_ORANGE,Dallas_ORANGE","Los Angeles_ORANGE,Dallas_ORANGE"
202,Phuket,7.8765,98.3815,THA,141618.0,Thailand,Asia,South-eastern Asia,AQUA,1,False,LOCAL,"Bangkok_AQUA,Kuala Lumpur_AQUA",
203,Port Louis,-20.1666,57.5,MUS,595491.0,Mauritius,Africa,Sub-Saharan Africa,BLUE,1,False,LOCAL,Saint-Denis_BLUE,
204,Port Moresby,-9.4647,147.1925,PNG,283733.0,Papua New Guinea,Oceania,Melanesia,ORANGE,1,False,LOCAL,"Dili_ORANGE,Brisbane_ORANGE,Honiara_ORANGE",
205,Port of Spain,10.652000000000001,-61.516999999999996,TTO,294934.0,Trinidad and Tobago,Americas,Latin America and the Caribbean,"BRONZE,PURPLE",2,True,EXPRESS,"Bridgetown_PURPLE,Georgetown_BRONZE,Caracas_BRONZE","Santo Domingo_PURPLE,Brasilia_BRONZE,Caracas_BRONZE"
206,Port-au-Prince,18.541,-72.336,HTI,1998000.0,Haiti,Americas,Latin America and the Caribbean,"BRONZE,PURPLE",2,True,EXPRESS,"Kingston_PURPLE,Santo Domingo_PURPLE,Santo Domingo_BRONZE,Kingston_BRONZE","Kingston_PURPLE,Santo Domingo_PURPLE,Santo Domingo_BRONZE,Kingston_BRONZE"
207,Prague,50.0833,14.466,CZE,1162000.0,Czechia,Europe,Eastern Europe,"LILAC,BRONZE",2,True,EXPRESS,"Frankfurt_BRONZE,Bratislava_BRONZE,Vienna_LILAC,Berlin_LILAC","Frankfurt_BRONZE,Istanbul_BRONZE,Vienna_LILAC,Berlin_LILAC"
208,Pune,18.53,73.85,IND,4672000.0,India,Asia,Southern Asia,SILVER,1,False,EXPRESS,"Mumbai_SILVER,Bangalore_SILVER","Mumbai_SILVER,Bangalore_SILVER"
209,Pyongyang,39.0194,125.7547,PRK,3300000.0,Korea (Democratic People's Republic of),Asia,Eastern Asia,SILVER,1,False,EXPRESS,"Seoul_SILVER,Shenyang_SILVER","Seoul_SILVER,Shenyang_SILVER"
210,Quito,-0.215,-78.5001,ECU,1701000.0,Ecuador,Americas,Latin America and the Caribbean,"RED,ORANGE",2,True,EXPRESS,"Lima_ORANGE,Bogota_ORANGE,Bogota_RED,Lima_RED","Lima_ORANGE,Bogota_ORANGE,Bogota_RED,Lima_RED"
211,Reykjavik,64.15,-21.95,ISL,166212.0,Iceland,Europe,Northern Europe,AQUA,1,False,LOCAL,Glasgow_AQUA,
212,Riga,56.95,24.1,LVA,742572.0,Latvia,Europe,Northern Europe,LILAC,1,False,LOCAL,"Vilnius_LILAC,Tallinn_LILAC",
213,Rio de Janeiro,-22.925,-43.225,BRA,11748000.0,Brazil,Americas,Latin America and the Caribbean,"RED,BRONZE,ORANGE",3,True,EXPRESS,"Sao Paulo_ORANGE,Sao Paulo_RED,Salvador_RED,Sao Paulo_BRONZE,Belo Horizonte_BRONZE","Sao Paulo_ORANGE,Sao Paulo_RED,Salvador_RED,Sao Paulo_BRONZE,Belo Horizonte_BRONZE"
214,Riyadh,24.6408,46.7727,SAU,4465000.0,Saudi Arabia,Asia,Western Asia,"SILVER,LILAC",2,True,EXPRESS,"Amman_SILVER,Abu Dhabi_SILVER,Abu Dhabi_LILAC,Jeddah_LILAC","Amman_SILVER,Abu Dhabi_SILVER,Abu Dhabi_LILAC,Jeddah_LILAC"
215,Rome,41.896,12.4833,ITA,3339000.0,Italy,Europe,Southern Europe,"RED,LILAC,DARKGREEN",3,True,EXPRESS,"Tunis_RED,Milan_RED,Athens_LILAC,Zagreb_LILAC,Milan_DARKGREEN,Athens_DARKGREEN","Tunis_RED,Milan_RED,Athens_LILAC,Zagreb_LILAC,Milan_DARKGREEN,Athens_DARKGREEN"
216,Saint Petersburg,59.93899999999999,30.316,RUS,4553000.0,Russian Federation,Europe,Eastern Europe,"RED,LILAC",2,True,EXPRESS,"Helsinki_RED,Moscow_RED,Helsinki_LILAC,Moscow_LILAC","Helsinki_RED,Moscow_RED,Helsinki_LILAC,Moscow_LILAC"
217,Saint-Denis,-20.8789,55.4481,REU,190047.0,Réunion,Africa,Sub-Saharan Africa,BLUE,1,False,LOCAL,"Antananarivo_BLUE,Port Louis_BLUE",
218,Salvador,-12.97,-38.48,BRA,3484000.0,Brazil,Americas,Latin America and the Caribbean,RED,1,False,EXPRESS,"Rio de Janeiro_RED,Fortaleza_RED","Rio de Janeiro_RED,Fortaleza_RED"
219,San Francisco,37.7562,-122.443,USA,3603761.0,United States of America,Americas,Northern America,ORANGE,1,False,EXPRESS,"Los Angeles_ORANGE,Seattle_ORANGE","Los Angeles_ORANGE,Seattle_ORANGE"
220,San Jose,9.935,-84.0841,CRI,1284000.0,Costa Rica,Americas,Latin America and the Caribbean,ORANGE,1,False,LOCAL,"Panama City_ORANGE,Managua_ORANGE",
221,San Juan,18.4037,-66.0636,PRI,341657.0,Puerto Rico,Americas,Latin America and the Caribbean,PURPLE,1,False,LOCAL,"Santo Domingo_PURPLE,Basse-Terre_PURPLE",
222,San Salvador,13.71,-89.20299999999999,SLV,1433000.0,El Salvador,Americas,Latin America and the Caribbean,ORANGE,1,False,LOCAL,"Tegucigalpa_ORANGE,Guatemala City_ORANGE",
223,Sanaa,15.3547,44.2066,YEM,2008000.0,Yemen,Asia,Western Asia,BLUE,1,False,EXPRESS,"Djibouti_BLUE,Dubai_BLUE","Addis Ababa_BLUE,Dubai_BLUE"
224,Santa Cruz de la Sierra,-17.8,-63.1667,BOL,1441406.0,Bolivia (Plurinational State of),Americas,Latin America and the Caribbean,RED,1,False,LOCAL,"La Paz_RED,Asuncion_RED",
225,Santiago,-33.45,-70.667,CHL,5720000.0,Chile,Americas,Latin America and the Caribbean,"BRONZE,ORANGE",2,True,EXPRESS,"Buenos Aires_ORANGE,La Paz_ORANGE,Buenos Aires_BRONZE","Buenos Aires_ORANGE,La Paz_ORANGE,Buenos Aires_BRONZE"
226,Santo Domingo,18.4701,-69.9001,DOM,2154000.0,Dominican Republic,Americas,Latin America and the Caribbean,"BRONZE,PURPLE",2,True,EXPRESS,"Port-au-Prince_PURPLE,San Juan_PURPLE,Caracas_BRONZE,Port-au-Prince_BRONZE","Port-au-Prince_PURPLE,Port of Spain_PURPLE,Caracas_BRONZE,Port-au-Prince_BRONZE"
227,Sanya,18.2591,109.50399999999999,CHN,362689.0,China,Asia,Eastern Asia,RED,1,False,LOCAL,Macau_RED,
228,Sao Paulo,-23.5587,-46.625,BRA,18845000.0,Brazil,Americas,Latin America and the Caribbean,"RED,BRONZE,ORANGE",3,True,EXPRESS,"Rio de Janeiro_ORANGE,Montevideo_ORANGE,Asuncion_RED,Rio de Janeiro_RED,Montevideo_BRONZE,Rio de Janeiro_BRONZE","Rio de Janeiro_ORANGE,Montevideo_ORANGE,La Paz_RED,Rio de Janeiro_RED,Montevideo_BRONZE,Rio de Janeiro_BRONZE"
229,Sapporo,43.075,141.34,JPN,2544000.0,Japan,Asia,Eastern Asia,RED,1,False,EXPRESS,"Vladivostok_RED,Tokyo_RED","Khabarovsk_RED,Tokyo_RED"
230,Sarajevo,43.85,18.383,BIH,696731.0,Bosnia and Herzegovina,Europe,Southern Europe,AQUA,1,False,LOCAL,"Zagreb_AQUA,Tirana_AQUA",
231,Seattle,47.6211,-122.3244,USA,3643765.0,United States of America,Americas,Northern America,ORANGE,1,False,EXPRESS,"San Francisco_ORANGE,Vancouver_ORANGE,Chicago_ORANGE","San Francisco_ORANGE,Vancouver_ORANGE,Chicago_ORANGE"
232,Seoul,37.5663,126.9997,KOR,9796000.0,"Korea, Republic of",Asia,Eastern Asia,"SILVER,DARKGREEN,AQUA,NAVY",4,True,EXPRESS,"Dalian_AQUA,Busan_AQUA,Taipei_SILVER,Pyongyang_SILVER,Shanghai_NAVY,Busan_NAVY,Shanghai_DARKGREEN,Tokyo_DARKGREEN,Beijing_DARKGREEN","Dalian_AQUA,Busan_AQUA,Taipei_SILVER,Pyongyang_SILVER,Shanghai_NAVY,Busan_NAVY,Shanghai_DARKGREEN,Tokyo_DARKGREEN,Beijing_DARKGREEN"
233,Sevastopol,44.5883,33.5224,UKR,443211.0,Ukraine,Europe,Eastern Europe,DARKGREEN,1,False,LOCAL,"Kyiv_DARKGREEN,Moscow_DARKGREEN",
234,Shanghai,31.2165,121.4365,CHN,14987000.0,China,Asia,Eastern Asia,"RED,DARKGREEN,AQUA,NAVY",4,True,EXPRESS,"Jinan_RED,Hangzhou_RED,Tianjin_AQUA,Hangzhou_AQUA,Nanjing_NAVY,Seoul_NAVY,Taipei_DARKGREEN,Seoul_DARKGREEN","Jinan_RED,Hangzhou_RED,Tianjin_AQUA,Hangzhou_AQUA,Nanjing_NAVY,Seoul_NAVY,Taipei_DARKGREEN,Seoul_DARKGREEN"
235,Shenyang,41.805,123.45,CHN,4787000.0,China,Asia,Eastern Asia,"SILVER,ORANGE",2,True,EXPRESS,"Harbin_ORANGE,Beijing_ORANGE,Pyongyang_SILVER","Harbin_ORANGE,Beijing_ORANGE,Pyongyang_SILVER"
236,Shenzhen,22.5524,114.1221,CHN,7581000.0,China,Asia,Eastern Asia,ORANGE,1,False,EXPRESS,"Guangzhou_ORANGE,Hong Kong_ORANGE","Guangzhou_ORANGE,Hong Kong_ORANGE"
237,Singapore,1.2930000000000001,103.8558,SGP,5183700.0,Singapore,Asia,South-eastern Asia,"SILVER,AQUA,LIGHTGREEN",3,True,EXPRESS,"Kuala Lumpur_AQUA,Jakarta_AQUA,Kuala Lumpur_SILVER,Bandar Seri Begawan_SILVER,Ho Chi Minh City_LIGHTGREEN,Jakarta_LIGHTGREEN","Kuala Lumpur_AQUA,Jakarta_AQUA,Kuala Lumpur_SILVER,Manila_SILVER,Ho Chi Minh City_LIGHTGREEN,Jakarta_LIGHTGREEN"
238,Skopje,42.0,21.4335,MKD,494087.0,North Macedonia,Europe,Southern Europe,AQUA,1,False,LOCAL,"Tirana_AQUA,Istanbul_AQUA",
239,Sofia,42.6833,23.3167,BGR,1185000.0,Bulgaria,Europe,Eastern Europe,BRONZE,1,False,LOCAL,"Belgrade_BRONZE,Istanbul_BRONZE",
240,Stockholm,59.3508,18.0973,SWE,1264000.0,Sweden,Europe,Northern Europe,RED,1,False,LOCAL,"Oslo_RED,Helsinki_RED",
241,Surabaya,-7.2492,112.7508,IDN,2845000.0,Indonesia,Asia,South-eastern Asia,AQUA,1,False,EXPRESS,"Jakarta_AQUA,Bali_AQUA","Jakarta_AQUA,Bali_AQUA"
242,Surat,21.2,72.84,IND,3842000.0,India,Asia,Southern Asia,"SILVER,LILAC",2,True,EXPRESS,"Karachi_SILVER,Ahmadabad_SILVER,Mumbai_LILAC,Ahmadabad_LILAC","Karachi_SILVER,Ahmadabad_SILVER,Mumbai_LILAC,Ahmadabad_LILAC"
243,Suva,-18.133,178.4417,FJI,175399.0,Fiji,Oceania,Melanesia,ORANGE,1,False,LOCAL,Noumea_ORANGE,
244,Sydney,-33.92,151.1852,AUS,4630000.0,Australia,Oceania,Australia and New Zealand,"ORANGE,AQUA",2,True,EXPRESS,"Brisbane_ORANGE,Melbourne_ORANGE,Melbourne_AQUA,Auckland_AQUA","Dili_ORANGE,Melbourne_ORANGE,Melbourne_AQUA"
245,Taipei,25.0358,121.5683,TWN,6900273.0,"Taiwan, Province of China",Asia,Eastern Asia,"RED,SILVER,DARKGREEN,AQUA",4,True,EXPRESS,"Hangzhou_RED,Hong Kong_RED,Hangzhou_AQUA,Hong Kong_AQUA,Manila_SILVER,Seoul_SILVER,Hong Kong_DARKGREEN,Shanghai_DARKGREEN","Hangzhou_RED,Hong Kong_RED,Hangzhou_AQUA,Hong Kong_AQUA,Manila_SILVER,Seoul_SILVER,Hong Kong_DARKGREEN,Shanghai_DARKGREEN"
246,Tallinn,59.4339,24.728,EST,394024.0,Estonia,Europe,Northern Europe,LILAC,1,False,LOCAL,"Riga_LILAC,Helsinki_LILAC",
247,Tashkent,41.3117,69.2949,UZB,2184000.0,Uzbekistan,Asia,Central Asia,AQUA,1,False,EXPRESS,"Dushanbe_AQUA,Bishkek_AQUA","Tehran_AQUA,Urumqi_AQUA"
248,Tbilisi,41.725,44.7908,GEO,1100000.0,Georgia,Asia,Western Asia,AQUA,1,False,LOCAL,"Yerevan_AQUA,Baku_AQUA",
249,Tegucigalpa,14.102,-87.2175,HND,946000.0,Honduras,Americas,Latin America and the Caribbean,ORANGE,1,False,LOCAL,"Managua_ORANGE,San Salvador_ORANGE",
250,Tehran,35.6719,51.4243,IRN,7873000.0,Iran (Islamic Republic of),Asia,Southern Asia,"AQUA,LIGHTGREEN,BLUE",3,True,EXPRESS,"Baku_AQUA,Ashgabat_AQUA,Baghdad_LIGHTGREEN,Mashhad_LIGHTGREEN,Kuwait City_BLUE,Karachi_BLUE","Baku_AQUA,Tashkent_AQUA,Baghdad_LIGHTGREEN,Mashhad_LIGHTGREEN,Kuwait City_BLUE,Karachi_BLUE"
251,Thimphu,27.473000000000003,89.639,BTN,98676.0,Bhutan,Asia,Southern Asia,NAVY,1,False,LOCAL,"Kathmandu_NAVY,Chengdu_NAVY",
252,Tianjin,39.13,117.2,CHN,7180000.0,China,Asia,Eastern Asia,AQUA,1,False,EXPRESS,"Beijing_AQUA,Shanghai_AQUA,Dalian_AQUA","Beijing_AQUA,Shanghai_AQUA,Dalian_AQUA"
253,Tirana,41.3275,19.8189,ALB,895350.0,Albania,Europe,Southern Europe,AQUA,1,False,LOCAL,"Sarajevo_AQUA,Skopje_AQUA",
254,Tokyo,35.685,139.7514,JPN,35676000.0,Japan,Asia,Eastern Asia,"RED,DARKGREEN,AQUA,NAVY",4,True,EXPRESS,"Sapporo_RED,Osaka_AQUA,Osaka_NAVY,Seoul_DARKGREEN,Honolulu_DARKGREEN","Sapporo_RED,Osaka_AQUA,Osaka_NAVY,Seoul_DARKGREEN,Los Angeles_DARKGREEN"
255,Toronto,43.7,-79.42,CAN,5213000.0,Canada,Americas,Northern America,"DARKGREEN,PURPLE",2,True,EXPRESS,"Winnipeg_PURPLE,Ottawa_PURPLE,Chicago_DARKGREEN,New York City_DARKGREEN","Vancouver_PURPLE,Montreal_PURPLE,Chicago_DARKGREEN,New York City_DARKGREEN"
256,Tripoli,32.8925,13.18,LBY,2189000.0,Libya,Africa,Northern Africa,SILVER,1,False,EXPRESS,"Tunis_SILVER,Alexandria_SILVER","Tunis_SILVER,Alexandria_SILVER"
257,Tunis,36.8028,10.1797,TUN,2412500.0,Tunisia,Africa,Northern Africa,"RED,SILVER",2,True,EXPRESS,"Kano_RED,Rome_RED,Algiers_SILVER,Tripoli_SILVER","Kano_RED,Rome_RED,Algiers_SILVER,Tripoli_SILVER"
258,Ulaanbaatar,47.9167,106.9166,MNG,885000.0,Mongolia,Asia,Eastern Asia,RED,1,False,LOCAL,"Irkutsk_RED,Beijing_RED",
259,Urumqi,43.805,87.575,CHN,2151000.0,China,Asia,Eastern Asia,AQUA,1,False,EXPRESS,"Almaty_AQUA,Xi'an_AQUA","Tashkent_AQUA,Xi'an_AQUA"
260,Vancouver,49.2734,-123.1216,CAN,2313328.0,Canada,Americas,Northern America,"ORANGE,PURPLE",2,True,EXPRESS,"Seattle_ORANGE,Anchorage_ORANGE,Calgary_PURPLE","Seattle_ORANGE,Khabarovsk_ORANGE,Toronto_PURPLE"
261,Vienna,48.2,16.3666,AUT,2400000.0,Austria,Europe,Western Europe,LILAC,1,False,EXPRESS,"Zagreb_LILAC,Prague_LILAC","Zagreb_LILAC,Prague_LILAC"
262,Vientiane,17.9667,102.6,LAO,754000.0,Lao People's Democratic Republic,Asia,South-eastern Asia,AQUA,1,False,LOCAL,"Hanoi_AQUA,Bangkok_AQUA",
263,Vilnius,54.6834,25.3166,LTU,542366.0,Lithuania,Europe,Northern Europe,LILAC,1,False,LOCAL,"Minsk_LILAC,Riga_LILAC",
264,Vladivostok,43.13,131.91,RUS,587022.0,Russian Federation,Europe,Eastern Europe,RED,1,False,LOCAL,"Khabarovsk_RED,Sapporo_RED",
265,Warsaw,52.25,21.0,POL,1707000.0,Poland,Europe,Eastern Europe,DARKGREEN,1,False,LOCAL,"Berlin_DARKGREEN,Kyiv_DARKGREEN",
266,Washington D.C.,38.9047,-77.0163,USA,5289420.0,United States of America,Americas,Northern America,"BRONZE,ORANGE",2,True,EXPRESS,"Chicago_ORANGE,New York City_ORANGE,Atlanta_BRONZE,New York City_BRONZE","Chicago_ORANGE,New York City_ORANGE,Atlanta_BRONZE,New York City_BRONZE"
267,Windhoek,-22.57,17.0835,NAM,268132.0,Namibia,Africa,Sub-Saharan Africa,LIGHTGREEN,1,False,LOCAL,"Cape Town_LIGHTGREEN,Luanda_LIGHTGREEN",
268,Winnipeg,49.883,-97.166,CAN,632063.0,Canada,Americas,Northern America,PURPLE,1,False,LOCAL,"Calgary_PURPLE,Toronto_PURPLE",
269,Wuhan,30.58,114.27,CHN,7243000.0,China,Asia,Eastern Asia,"ORANGE,NAVY",2,True,EXPRESS,"Beijing_ORANGE,Guangzhou_ORANGE,Chongqing_NAVY,Nanjing_NAVY","Beijing_ORANGE,Guangzhou_ORANGE,Chongqing_NAVY,Nanjing_NAVY"
270,Xi'an,34.275,108.895,CHN,4009000.0,China,Asia,Eastern Asia,"DARKGREEN,AQUA",2,True,EXPRESS,"Urumqi_AQUA,Beijing_AQUA,Beijing_DARKGREEN,Chengdu_DARKGREEN","Urumqi_AQUA,Beijing_AQUA,Beijing_DARKGREEN,Chengdu_DARKGREEN"
271,Yangon,16.7834,96.1667,MMR,4088000.0,Myanmar,Asia,South-eastern Asia,"LILAC,LIGHTGREEN",2,True,EXPRESS,"Mandalay_LIGHTGREEN,Bangkok_LIGHTGREEN,Bangkok_LILAC,Dhaka_LILAC","Chittagong_LIGHTGREEN,Bangkok_LIGHTGREEN,Bangkok_LILAC,Dhaka_LILAC"
272,Yaounde,3.8667,11.5167,CMR,1611000.0,Cameroon,Africa,Sub-Saharan Africa,NAVY,1,False,LOCAL,"Lagos_NAVY,Bangui_NAVY",
273,Yekaterinburg,56.85,60.6,RUS,1313000.0,Russian Federation,Europe,Eastern Europe,RED,1,False,LOCAL,"Kazan_RED,Novosibirsk_RED",
274,Yerevan,40.1812,44.5136,ARM,1102000.0,Armenia,Asia,Western Asia,AQUA,1,False,LOCAL,"Ankara_AQUA,Tbilisi_AQUA",
275,Zagreb,45.8,16.0,HRV,722526.0,Croatia,Europe,Southern Europe,"LILAC,AQUA",2,True,EXPRESS,"Ljubljana_AQUA,Sarajevo_AQUA,Rome_LILAC,Vienna_LILAC","Paris_AQUA,Istanbul_AQUA,Rome_LILAC,Vienna_LILAC"
276,Zurich,47.38,8.55,CHE,1108000.0,Switzerland,Europe,Western Europe,AQUA,1,False,LOCAL,"Paris_AQUA,Ljubljana_AQUA",
